{"cam_K": [572.4114, 0.0, 325.2611, 0.0, 573.57043, 242.04899, 0.0, 0.0, 1.0], "depth_scale": 1.0}